Country,Mean_CATE,CI_Lower,CI_Upper,Type
CAN,-1.589589530541156,-1.6406334408881964,-1.544092787240111,Strong Reduction
USA,-2.1475340026248007,-2.224613369881506,-2.0659162221975755,Strong Reduction
SAU,-2.453178708489022,-2.4767976214492404,-2.426467481848661,Strong Reduction
