bootstrap_iterations,ate_mean,ate_se,ate_ci_lower,ate_ci_upper,ci_width
100,-1.3444189649987954,0.15172540507280383,-1.6701171382457771,-1.0877893515237085,0.5823277867220686
200,-1.3142358151452118,0.16307996083598694,-1.6479866253286797,-1.03947937954558,0.6085072457830998
500,-1.328871628610905,0.15073876477633177,-1.6250995732456694,-1.0416967471453293,0.5834028261003401
1000,-1.3263629189230002,0.16070298696652,-1.6629979305554576,-1.0243481660828928,0.6386497644725648
