Method,ATE,ATE_SE,CI_Lower,CI_Upper,MSE_Y,RMSE_Y,R2_Y,Propensity_AUC,Propensity_Brier,Propensity_Overlap,CATE_Mean,CATE_Std
DragonNet,-1.9459927336784562,,,,0.20027864372963286,0.44752502022750956,0.9894269965225637,0.997025,0.016686422279797074,0.34625,-1.9459927336784562,2.9438549077635803
CausalForestDML,-3.2919424039924694,0.35803572332677275,-3.9936795268916914,-2.5902052810932474,,,,,,,-3.2919424039924694,1.1777190816520204
LinearDML,-2.5065156155903465,0.19175247070254578,-2.882343552113908,-2.130687679066785,,,,,,,,
