Model,ATE,CI_Lower,CI_Upper,F_Statistic,First_stage_R2,AR_Statistic,AR_PValue
IV (OrthoIV),-1.9137283907270282,-2.3660957176695216,-1.4613610637845351,12.338371857902196,0.9297333279994909,65.05945224115744,2.886579864025407e-15
Naive (LinearDML),-1.537209864097148,,,,,,
AR Robust CI,-1.9137283907270282,-2.2399999999999984,-1.370000000000001,,,65.05945224115744,2.886579864025407e-15
