Model,ATE,CI_Lower,CI_Upper,F_Statistic,First_stage_R2,AR_Statistic,AR_PValue
IV (OrthoIV),0.5,0.1,0.9,-2.886427696749178,-0.6256383355508137,0.456340880900797,0.49933905095998876
Naive (LinearDML),0.4,,,,,,
AR Robust CI,0.5,-5.0,2.0,,,0.456340880900797,0.49933905095998876
