total_effect,total_effect_se,total_effect_p,mediator_effect,mediator_effect_p,direct_effect,direct_effect_se,direct_effect_p,indirect_effect,sobel_p,proportion_mediated,Mediator
-2.938164529046798,0.2154053938371422,2.310458553262986e-42,2.1762088506749704,1.621326275004308e-13,-2.595377163447097,0.22071131243544836,6.336992994806909e-32,-0.34278736559970113,7.598822950427575e-06,0.1166671785091996,Energy_Efficiency
-2.938164529046798,0.2154053938371422,2.310458553262986e-42,2.4718433243524274,9.243481182642011e-11,-3.2176504017147076,0.26094820933336443,6.197635064887198e-35,0.2794858726679097,0.0004633629350041524,-0.09512260797681768,Structural_Change
-2.938164529046798,0.2154053938371422,2.310458553262986e-42,0.20661735514049312,1.655460137392639e-08,-3.182986755256266,0.22769703513164824,2.092818216076693e-44,0.24482222620946814,3.842755030403211e-05,-0.08332488660493549,Innovation
