Model,ATE,SE,CI_Lower,CI_Upper
L0: TWFE,-2.8098554750140625,0.4631710338014489,-3.726627924716235,-1.8444469672418335
L1: Linear DML,-0.9896374665701241,0.4363135513644984,-2.070442571459542,-0.36703345601571613
L2: Interactive DML,-1.216158068806227,0.3929556198965352,-2.0310756729044663,-0.4599409142196997
L3: Causal Forest,-1.7300219676593207,0.5875303640244101,-2.8815603209708724,-0.5784836143477696
