Component,Loading,Loading_Squared
Internet_users,0.6211396400150181,0.3858144523979863
Fixed_broadband_subscriptions,0.6427373653844407,0.41311132086133207
Secure_servers,0.44841300911177956,0.2010742267406809
