Component,Loading,Loading_Squared
Internet_users,0.6211396400150183,0.38581445239798656
Fixed_broadband_subscriptions,0.6427373653844414,0.4131113208613329
Secure_servers,0.4484130091117799,0.2010742267406812
