iteration,placebo_ate
1,0.4185258295013963
2,0.4185258295013963
