coef_treatment,coef_interaction,se_treatment,se_interaction,p_treatment,p_interaction,n_obs
-0.013987088867874418,-0.012961590869114092,0.009066307302396662,0.008357215623755045,0.12322087233078415,0.12124522321940578,960
