Lag,N,F_Statistic,R2,Correlation,Strong_IV
2,760,98.20510024532373,0.8805590441652882,0.9742220532901199,True
3,720,37.21697693909912,0.7475838332030033,0.9568027776796101,True
