Lag,N,F_Statistic,R2,Correlation,Strong_IV
2,760,3.3554179558751818,0.7831773674497179,0.9742220532901199,False
3,720,1.8085495608937145,0.6616121349204374,0.9568027776796101,False
