Group,GATE,CI_Lower,CI_Upper
Low,-1.1934759417397887,-1.474789716588711,-0.9925150052339216
Lower-Mid,-2.1743569768864734,-2.6605454586618005,-1.7626035444911132
Upper-Mid,-2.288018195865956,-2.6509492868292037,-1.8548369067320858
High,-1.2631638968709011,-1.6695732982455476,-0.8147998234204635
