sample_fraction,n_countries,n_observations,ate_mean,ate_std,significant_pct
0.6,24,504,-1.6121340218244855,1.199760672732702,68.25396825396825
0.7,28,588,-1.0454213589850994,0.8648704260088017,50.68027210884354
0.8,32,672,-0.8668899041549626,1.1411886417776584,37.202380952380956
0.9,36,756,-1.010127927908385,0.9526457301075157,60.317460317460316
1.0,40,840,-1.3157794698677516,1.075216447569679,59.88095238095238
