Group,Coef_ICT,P_value,R2,N
Low ICT (<6%),0.012783571577132464,0.9039617592872911,0.6337943686666165,411
High ICT (>6%),0.0030421601599497166,0.7941077407604422,0.5024774764560271,549
